time,Volts,Amps,Watts
2022-07-05 18:50:30.681322+07:00,5.218,0.5177,2.701
2022-07-05 18:50:31.038796+07:00,5.218,0.4424,2.308
2022-07-05 18:50:31.336376+07:00,5.218,0.4424,2.308
2022-07-05 18:50:31.690704+07:00,5.216,0.4424,2.307
2022-07-05 18:50:31.976950+07:00,5.216,0.4424,2.307
2022-07-05 18:50:32.342497+07:00,5.216,0.576,3.004
2022-07-05 18:50:32.641352+07:00,5.216,0.576,3.004
2022-07-05 18:50:32.991364+07:00,5.19,0.576,2.989
2022-07-05 18:50:33.290090+07:00,5.19,0.576,2.989
2022-07-05 18:50:33.615117+07:00,5.19,0.6403,3.323
2022-07-05 18:50:33.947586+07:00,5.19,0.6403,3.323
2022-07-05 18:50:34.278798+07:00,5.181,0.6403,3.317
2022-07-05 18:50:34.576324+07:00,5.181,0.6403,3.317
2022-07-05 18:50:34.927626+07:00,5.181,0.671,3.476
2022-07-05 18:50:35.243763+07:00,5.181,0.671,3.476
2022-07-05 18:50:35.563791+07:00,5.182,0.671,3.477
2022-07-05 18:50:35.873824+07:00,5.182,0.671,3.477
2022-07-05 18:50:36.213792+07:00,5.182,0.4544,2.354
2022-07-05 18:50:36.536322+07:00,5.182,0.4544,2.354
2022-07-05 18:50:36.882562+07:00,5.211,0.4544,2.367
2022-07-05 18:50:37.181338+07:00,5.211,0.4544,2.367
2022-07-05 18:50:37.532559+07:00,5.211,0.5214,2.717
2022-07-05 18:50:37.836386+07:00,5.211,0.5214,2.717
2022-07-05 18:50:38.178890+07:00,5.219,0.5214,2.721
2022-07-05 18:50:38.490086+07:00,5.219,0.5214,2.721
2022-07-05 18:50:38.841354+07:00,5.219,0.4511,2.354
2022-07-05 18:50:39.121358+07:00,5.219,0.4511,2.354
2022-07-05 18:50:39.464068+07:00,5.219,0.4511,2.354
2022-07-05 18:50:39.787721+07:00,5.219,0.4511,2.354
2022-07-05 18:50:40.114588+07:00,5.219,0.4571,2.385
2022-07-05 18:50:40.436508+07:00,5.219,0.4571,2.385
2022-07-05 18:50:40.782758+07:00,5.198,0.4571,2.376
2022-07-05 18:50:41.081564+07:00,5.198,0.4571,2.376
2022-07-05 18:50:41.435282+07:00,5.198,0.4442,2.308
2022-07-05 18:50:41.726518+07:00,5.198,0.4442,2.308
2022-07-05 18:50:42.071586+07:00,5.219,0.4442,2.318
2022-07-05 18:50:42.372852+07:00,5.219,0.4442,2.318
2022-07-05 18:50:42.710300+07:00,5.219,0.539,2.813
2022-07-05 18:50:43.021598+07:00,5.219,0.539,2.813
2022-07-05 18:50:43.360329+07:00,5.22,0.539,2.813
2022-07-05 18:50:43.690376+07:00,5.22,0.539,2.813
2022-07-05 18:50:44.031701+07:00,5.22,0.4399,2.296
2022-07-05 18:50:44.321581+07:00,5.22,0.4399,2.296
2022-07-05 18:50:44.667892+07:00,5.215,0.4399,2.294
2022-07-05 18:50:44.989051+07:00,5.215,0.4399,2.294
2022-07-05 18:50:45.320293+07:00,5.215,0.4757,2.48
2022-07-05 18:50:45.620258+07:00,5.215,0.4757,2.48
2022-07-05 18:50:45.969105+07:00,5.217,0.4757,2.481
2022-07-05 18:50:46.284063+07:00,5.217,0.4757,2.481
2022-07-05 18:50:46.619091+07:00,5.217,0.4526,2.361
2022-07-05 18:50:46.939079+07:00,5.217,0.4526,2.361
2022-07-05 18:50:47.305334+07:00,5.212,0.4526,2.358
2022-07-05 18:50:47.570351+07:00,5.212,0.4526,2.358
2022-07-05 18:50:47.929113+07:00,5.212,0.4728,2.464
2022-07-05 18:50:48.220375+07:00,5.212,0.4728,2.464
2022-07-05 18:50:48.567873+07:00,5.216,0.4728,2.466
2022-07-05 18:50:48.872889+07:00,5.216,0.4728,2.466
2022-07-05 18:50:49.226606+07:00,5.216,0.4493,2.343
2022-07-05 18:50:49.520388+07:00,5.216,0.4493,2.343
2022-07-05 18:50:49.859226+07:00,5.21,0.4493,2.34
2022-07-05 18:50:50.174289+07:00,5.21,0.4493,2.34
2022-07-05 18:50:50.514294+07:00,5.21,0.4675,2.435
2022-07-05 18:50:50.819225+07:00,5.21,0.4675,2.435
2022-07-05 18:50:51.159316+07:00,5.22,0.4675,2.44
2022-07-05 18:50:51.475520+07:00,5.22,0.4675,2.44
2022-07-05 18:50:51.811878+07:00,5.22,0.4944,2.58
2022-07-05 18:50:52.135521+07:00,5.22,0.4944,2.58
2022-07-05 18:50:52.461799+07:00,5.213,0.4944,2.577
2022-07-05 18:50:52.789348+07:00,5.213,0.4944,2.577
2022-07-05 18:50:53.129334+07:00,5.213,0.4407,2.297
2022-07-05 18:50:53.418040+07:00,5.213,0.4407,2.297
2022-07-05 18:50:53.766831+07:00,5.219,0.4407,2.3
2022-07-05 18:50:54.084343+07:00,5.219,0.4407,2.3
2022-07-05 18:50:54.410647+07:00,5.219,0.4422,2.307
2022-07-05 18:50:54.733084+07:00,5.219,0.4422,2.307
2022-07-05 18:50:55.074352+07:00,5.205,0.4422,2.301
2022-07-05 18:50:55.370592+07:00,5.205,0.4422,2.301
2022-07-05 18:50:55.726765+07:00,5.205,0.4622,2.405
2022-07-05 18:50:56.030545+07:00,5.205,0.4622,2.405
2022-07-05 18:50:56.358143+07:00,5.216,0.4622,2.41
2022-07-05 18:50:56.681814+07:00,5.216,0.4622,2.41
2022-07-05 18:50:57.029883+07:00,5.216,0.4579,2.388
2022-07-05 18:50:57.319354+07:00,5.216,0.4579,2.388
2022-07-05 18:50:57.660613+07:00,5.202,0.4579,2.381
2022-07-05 18:50:57.966800+07:00,5.202,0.4579,2.381
2022-07-05 18:50:58.310614+07:00,5.202,0.443,2.304
2022-07-05 18:50:58.633091+07:00,5.202,0.443,2.304
2022-07-05 18:50:58.955613+07:00,5.22,0.443,2.312
2022-07-05 18:50:59.265622+07:00,5.22,0.443,2.312
2022-07-05 18:50:59.613145+07:00,5.22,0.5028,2.624
2022-07-05 18:50:59.935609+07:00,5.22,0.5028,2.624
2022-07-05 18:51:00.275691+07:00,5.22,0.5028,2.624
2022-07-05 18:51:00.569513+07:00,5.22,0.5028,2.624
2022-07-05 18:51:00.919558+07:00,5.22,0.4544,2.371
2022-07-05 18:51:01.215770+07:00,5.22,0.4544,2.371
2022-07-05 18:51:01.574474+07:00,5.215,0.4544,2.369
2022-07-05 18:51:01.878281+07:00,5.215,0.4544,2.369
2022-07-05 18:51:02.214614+07:00,5.215,0.4918,2.564
2022-07-05 18:51:02.522125+07:00,5.215,0.4918,2.564
2022-07-05 18:51:02.877007+07:00,5.216,0.4918,2.565
2022-07-05 18:51:03.195807+07:00,5.216,0.4918,2.565
2022-07-05 18:51:03.527080+07:00,5.216,0.5171,2.697
2022-07-05 18:51:03.818358+07:00,5.216,0.5171,2.697
2022-07-05 18:51:04.174562+07:00,5.219,0.5171,2.698
2022-07-05 18:51:04.469661+07:00,5.219,0.5171,2.698
2022-07-05 18:51:04.825850+07:00,5.219,0.4763,2.485
2022-07-05 18:51:05.113385+07:00,5.219,0.4763,2.485
2022-07-05 18:51:05.455819+07:00,5.215,0.4763,2.483
2022-07-05 18:51:05.772134+07:00,5.215,0.4763,2.483
2022-07-05 18:51:06.110136+07:00,5.215,0.4611,2.404
2022-07-05 18:51:06.428290+07:00,5.215,0.4611,2.404
2022-07-05 18:51:06.752029+07:00,5.211,0.4611,2.402
2022-07-05 18:51:07.062031+07:00,5.211,0.4611,2.402
2022-07-05 18:51:07.406446+07:00,5.211,0.5096,2.655
2022-07-05 18:51:07.725851+07:00,5.211,0.5096,2.655
2022-07-05 18:51:08.060162+07:00,5.217,0.5096,2.658
2022-07-05 18:51:08.379621+07:00,5.217,0.5096,2.658
2022-07-05 18:51:08.703353+07:00,5.217,0.4616,2.408
2022-07-05 18:51:09.013359+07:00,5.217,0.4616,2.408
2022-07-05 18:51:09.370847+07:00,5.22,0.4616,2.409
2022-07-05 18:51:09.660846+07:00,5.22,0.4616,2.409
2022-07-05 18:51:10.004652+07:00,5.22,0.4816,2.513
2022-07-05 18:51:10.328425+07:00,5.22,0.4816,2.513
2022-07-05 18:51:10.657186+07:00,5.202,0.4816,2.505
2022-07-05 18:51:10.964820+07:00,5.202,0.4816,2.505
2022-07-05 18:51:11.301040+07:00,5.202,0.6281,3.267
2022-07-05 18:51:11.612279+07:00,5.202,0.6281,3.267
2022-07-05 18:51:11.951004+07:00,5.198,0.6281,3.264
2022-07-05 18:51:12.311049+07:00,5.198,0.6281,3.264
2022-07-05 18:51:12.616015+07:00,5.198,0.6276,3.262
2022-07-05 18:51:12.917399+07:00,5.198,0.6276,3.262
2022-07-05 18:51:13.251053+07:00,5.218,0.6276,3.274
2022-07-05 18:51:13.563528+07:00,5.218,0.6276,3.274
2022-07-05 18:51:13.922315+07:00,5.218,0.4372,2.281
2022-07-05 18:51:14.240349+07:00,5.218,0.4372,2.281
2022-07-05 18:51:14.555437+07:00,5.22,0.4372,2.282
2022-07-05 18:51:14.868620+07:00,5.22,0.4372,2.282
2022-07-05 18:51:15.219807+07:00,5.22,0.5529,2.886
2022-07-05 18:51:15.509876+07:00,5.22,0.5529,2.886
2022-07-05 18:51:15.852398+07:00,5.217,0.5529,2.884
2022-07-05 18:51:16.169636+07:00,5.217,0.5529,2.884
2022-07-05 18:51:16.501125+07:00,5.217,0.4587,2.393
2022-07-05 18:51:16.829821+07:00,5.217,0.4587,2.393
2022-07-05 18:51:17.149773+07:00,5.217,0.4587,2.393
2022-07-05 18:51:17.468635+07:00,5.217,0.4587,2.393
2022-07-05 18:51:17.817295+07:00,5.217,0.4634,2.417
2022-07-05 18:51:18.108564+07:00,5.217,0.4634,2.417
2022-07-05 18:51:18.456128+07:00,5.22,0.4634,2.418
2022-07-05 18:51:18.764864+07:00,5.22,0.4634,2.418
2022-07-05 18:51:19.097334+07:00,5.22,0.4532,2.365
2022-07-05 18:51:19.417361+07:00,5.22,0.4532,2.365
2022-07-05 18:51:19.749903+07:00,5.214,0.4532,2.362
2022-07-05 18:51:20.087441+07:00,5.214,0.4532,2.362
2022-07-05 18:51:20.397414+07:00,5.214,0.4368,2.277
2022-07-05 18:51:20.721145+07:00,5.214,0.4368,2.277
2022-07-05 18:51:21.046136+07:00,5.219,0.4368,2.279
2022-07-05 18:51:21.365090+07:00,5.219,0.4368,2.279
2022-07-05 18:51:21.716330+07:00,5.219,0.4536,2.367
2022-07-05 18:51:22.009344+07:00,5.219,0.4536,2.367
2022-07-05 18:51:22.352652+07:00,5.214,0.4536,2.365
2022-07-05 18:51:22.675037+07:00,5.214,0.4536,2.365
2022-07-05 18:51:22.996323+07:00,5.214,0.4403,2.295
2022-07-05 18:51:23.307592+07:00,5.214,0.4403,2.295
2022-07-05 18:51:23.661313+07:00,5.217,0.4403,2.297
2022-07-05 18:51:23.955032+07:00,5.217,0.4403,2.297
2022-07-05 18:51:24.298804+07:00,5.217,0.4403,2.297
2022-07-05 18:51:24.605094+07:00,5.217,0.4403,2.297
2022-07-05 18:51:24.952686+07:00,5.194,0.4403,2.286
2022-07-05 18:51:25.257664+07:00,5.194,0.4403,2.286
2022-07-05 18:51:25.606356+07:00,5.194,0.5664,2.941
2022-07-05 18:51:25.905130+07:00,5.194,0.5664,2.941
2022-07-05 18:51:26.252711+07:00,5.216,0.5664,2.954
2022-07-05 18:51:26.573994+07:00,5.216,0.5664,2.954
2022-07-05 18:51:26.896405+07:00,5.216,0.5,2.608
2022-07-05 18:51:27.205089+07:00,5.216,0.5,2.608
2022-07-05 18:51:27.551379+07:00,5.208,0.5,2.604
2022-07-05 18:51:27.877595+07:00,5.208,0.5,2.604
2022-07-05 18:51:28.196939+07:00,5.208,0.4524,2.356
2022-07-05 18:51:28.517634+07:00,5.208,0.4524,2.356
2022-07-05 18:51:28.863831+07:00,5.22,0.4524,2.361
2022-07-05 18:51:29.165164+07:00,5.22,0.4524,2.361
2022-07-05 18:51:29.497689+07:00,5.22,0.4534,2.366
2022-07-05 18:51:29.805716+07:00,5.22,0.4534,2.366
2022-07-05 18:51:30.163899+07:00,5.205,0.4534,2.359
2022-07-05 18:51:30.453916+07:00,5.205,0.4534,2.359
2022-07-05 18:51:30.795126+07:00,5.205,0.4364,2.271
2022-07-05 18:51:31.117692+07:00,5.205,0.4364,2.271
2022-07-05 18:51:31.452681+07:00,5.219,0.4364,2.277
2022-07-05 18:51:31.754163+07:00,5.219,0.4364,2.277
2022-07-05 18:51:32.094103+07:00,5.219,0.4464,2.329
2022-07-05 18:51:32.424059+07:00,5.219,0.4464,2.329
2022-07-05 18:51:32.743404+07:00,5.214,0.4464,2.327
2022-07-05 18:51:33.055379+07:00,5.214,0.4464,2.327
2022-07-05 18:51:33.392793+07:00,5.214,0.4364,2.275
2022-07-05 18:51:33.704091+07:00,5.214,0.4364,2.275
2022-07-05 18:51:34.041594+07:00,5.22,0.4364,2.278
2022-07-05 18:51:34.351601+07:00,5.22,0.4364,2.278
2022-07-05 18:51:34.692816+07:00,5.22,0.4732,2.47
2022-07-05 18:51:35.002833+07:00,5.22,0.4732,2.47
2022-07-05 18:51:35.341587+07:00,5.204,0.4732,2.462
2022-07-05 18:51:35.657906+07:00,5.204,0.4732,2.462
2022-07-05 18:51:35.991609+07:00,5.204,0.5653,2.941
2022-07-05 18:51:36.307937+07:00,5.204,0.5653,2.941
2022-07-05 18:51:36.657926+07:00,5.195,0.5653,2.936
2022-07-05 18:51:36.951660+07:00,5.195,0.5653,2.936
2022-07-05 18:51:37.293028+07:00,5.195,0.7361,3.824
2022-07-05 18:51:37.601607+07:00,5.195,0.7361,3.824
2022-07-05 18:51:37.961610+07:00,5.197,0.7361,3.825
2022-07-05 18:51:38.272856+07:00,5.197,0.7361,3.825
2022-07-05 18:51:38.591629+07:00,5.197,0.7255,3.77
2022-07-05 18:51:38.900377+07:00,5.197,0.7255,3.77
2022-07-05 18:51:39.241646+07:00,5.199,0.7255,3.771
2022-07-05 18:51:39.550391+07:00,5.199,0.7255,3.771
2022-07-05 18:51:39.890402+07:00,5.199,0.6203,3.224
2022-07-05 18:51:40.205473+07:00,5.199,0.6203,3.224
2022-07-05 18:51:40.555408+07:00,5.183,0.6203,3.215
2022-07-05 18:51:40.870403+07:00,5.183,0.6203,3.215
2022-07-05 18:51:41.194212+07:00,5.183,1.0442,5.412
2022-07-05 18:51:41.502954+07:00,5.183,1.0442,5.412
2022-07-05 18:51:41.862983+07:00,5.148,1.0442,5.375
2022-07-05 18:51:42.151725+07:00,5.148,1.0442,5.375
2022-07-05 18:51:42.503082+07:00,5.148,1.0226,5.264
2022-07-05 18:51:42.820567+07:00,5.148,1.0226,5.264
2022-07-05 18:51:43.140575+07:00,5.142,1.0226,5.258
2022-07-05 18:51:43.460649+07:00,5.142,1.0226,5.258
2022-07-05 18:51:43.794407+07:00,5.142,1.0391,5.343
2022-07-05 18:51:44.116834+07:00,5.142,1.0391,5.343
2022-07-05 18:51:44.448092+07:00,5.142,1.0391,5.343
2022-07-05 18:51:44.761864+07:00,5.142,1.0391,5.343
2022-07-05 18:51:45.109373+07:00,5.142,1.0199,5.244
2022-07-05 18:51:45.400666+07:00,5.142,1.0199,5.244
2022-07-05 18:51:45.749383+07:00,5.151,1.0199,5.253
2022-07-05 18:51:46.070613+07:00,5.151,1.0199,5.253
2022-07-05 18:51:46.396964+07:00,5.151,1.0454,5.384
2022-07-05 18:51:46.703296+07:00,5.151,1.0454,5.384
2022-07-05 18:51:47.039409+07:00,5.148,1.0454,5.381
2022-07-05 18:51:47.355002+07:00,5.148,1.0454,5.381
2022-07-05 18:51:47.689600+07:00,5.148,0.9842,5.066
2022-07-05 18:51:47.998156+07:00,5.148,0.9842,5.066
2022-07-05 18:51:48.340664+07:00,5.14,0.9842,5.058
2022-07-05 18:51:48.661912+07:00,5.14,0.9842,5.058
2022-07-05 18:51:49.003134+07:00,5.14,1.0371,5.33
2022-07-05 18:51:49.318112+07:00,5.14,1.0371,5.33
2022-07-05 18:51:49.651960+07:00,5.141,1.0371,5.331
2022-07-05 18:51:49.963194+07:00,5.141,1.0371,5.331
2022-07-05 18:51:50.289444+07:00,5.141,1.034,5.315
2022-07-05 18:51:50.599410+07:00,5.141,1.034,5.315
2022-07-05 18:51:50.938195+07:00,5.139,1.034,5.313
2022-07-05 18:51:51.268220+07:00,5.139,1.034,5.313
2022-07-05 18:51:51.596982+07:00,5.139,1.0512,5.402
2022-07-05 18:51:51.915708+07:00,5.139,1.0512,5.402
2022-07-05 18:51:52.245086+07:00,5.141,1.0512,5.404
2022-07-05 18:51:52.548251+07:00,5.141,1.0512,5.404
2022-07-05 18:51:52.888419+07:00,5.141,0.9864,5.071
2022-07-05 18:51:53.205902+07:00,5.141,0.9864,5.071
2022-07-05 18:51:53.554637+07:00,5.141,0.9864,5.071
2022-07-05 18:51:53.855890+07:00,5.141,0.9864,5.071
2022-07-05 18:51:54.200269+07:00,5.141,1.0307,5.298
2022-07-05 18:51:54.505922+07:00,5.141,1.0307,5.298
2022-07-05 18:51:54.838389+07:00,5.143,1.0307,5.3
2022-07-05 18:51:55.148548+07:00,5.143,1.0307,5.3
2022-07-05 18:51:55.517167+07:00,5.143,0.8434,4.337
2022-07-05 18:51:55.827194+07:00,5.143,0.8434,4.337
2022-07-05 18:51:56.155931+07:00,5.143,0.8434,4.337
2022-07-05 18:51:56.453526+07:00,5.143,0.8434,4.337
2022-07-05 18:51:56.807319+07:00,5.143,1.0322,5.308
2022-07-05 18:51:57.102290+07:00,5.143,1.0322,5.308
2022-07-05 18:51:57.459766+07:00,5.147,1.0322,5.312
2022-07-05 18:51:57.754751+07:00,5.147,1.0322,5.312
2022-07-05 18:51:58.105974+07:00,5.147,1.0714,5.514
2022-07-05 18:51:58.397218+07:00,5.147,1.0714,5.514
2022-07-05 18:51:58.753444+07:00,5.143,1.0714,5.51
2022-07-05 18:51:59.054684+07:00,5.143,1.0714,5.51
2022-07-05 18:51:59.395957+07:00,5.143,1.0505,5.402
2022-07-05 18:51:59.699737+07:00,5.143,1.0505,5.402
2022-07-05 18:52:00.050936+07:00,5.141,1.0505,5.4
2022-07-05 18:52:00.352241+07:00,5.141,1.0505,5.4
2022-07-05 18:52:00.695971+07:00,5.141,0.6352,3.265
2022-07-05 18:52:00.995970+07:00,5.141,0.6352,3.265
2022-07-05 18:52:01.355952+07:00,5.138,0.6352,3.263
2022-07-05 18:52:01.649770+07:00,5.138,0.6352,3.263
2022-07-05 18:52:02.003535+07:00,5.138,1.0503,5.396
2022-07-05 18:52:02.297208+07:00,5.138,1.0503,5.396
2022-07-05 18:52:02.667272+07:00,5.144,1.0503,5.402
2022-07-05 18:52:02.969746+07:00,5.144,1.0503,5.402
2022-07-05 18:52:03.292420+07:00,5.144,1.0704,5.506
2022-07-05 18:52:03.598585+07:00,5.144,1.0704,5.506
2022-07-05 18:52:03.936137+07:00,5.143,1.0704,5.505
2022-07-05 18:52:04.257517+07:00,5.143,1.0704,5.505
2022-07-05 18:52:04.603693+07:00,5.143,1.015,5.22
2022-07-05 18:52:04.901198+07:00,5.143,1.015,5.22
2022-07-05 18:52:05.238693+07:00,5.148,1.015,5.225
2022-07-05 18:52:05.547452+07:00,5.148,1.015,5.225
2022-07-05 18:52:05.894976+07:00,5.148,0.6268,3.226
2022-07-05 18:52:06.216195+07:00,5.148,0.6268,3.226
2022-07-05 18:52:06.536240+07:00,5.145,0.6268,3.224
2022-07-05 18:52:06.859983+07:00,5.145,0.6268,3.224
2022-07-05 18:52:07.186218+07:00,5.145,1.0483,5.393
2022-07-05 18:52:07.511366+07:00,5.145,1.0483,5.393
2022-07-05 18:52:07.836211+07:00,5.142,1.0483,5.39
2022-07-05 18:52:08.163723+07:00,5.142,1.0483,5.39
2022-07-05 18:52:08.486220+07:00,5.142,1.064,5.471
2022-07-05 18:52:08.808807+07:00,5.142,1.064,5.471
2022-07-05 18:52:09.156174+07:00,5.139,1.064,5.467
2022-07-05 18:52:09.453736+07:00,5.139,1.064,5.467
2022-07-05 18:52:09.801195+07:00,5.139,1.036,5.324
2022-07-05 18:52:10.094984+07:00,5.139,1.036,5.324
2022-07-05 18:52:10.457466+07:00,5.146,1.036,5.331
2022-07-05 18:52:10.747558+07:00,5.146,1.036,5.331
2022-07-05 18:52:11.084956+07:00,5.146,0.8379,4.311
2022-07-05 18:52:11.401258+07:00,5.146,0.8379,4.311
2022-07-05 18:52:11.734986+07:00,5.14,0.8379,4.306
2022-07-05 18:52:12.044984+07:00,5.14,0.8379,4.306
2022-07-05 18:52:12.391295+07:00,5.14,1.0175,5.229
2022-07-05 18:52:12.696339+07:00,5.14,1.0175,5.229
2022-07-05 18:52:13.047540+07:00,5.141,1.0175,5.23
2022-07-05 18:52:13.345121+07:00,5.141,1.0175,5.23
2022-07-05 18:52:13.696376+07:00,5.141,1.0685,5.493
2022-07-05 18:52:13.993920+07:00,5.141,1.0685,5.493
2022-07-05 18:52:14.341479+07:00,5.143,1.0685,5.495
2022-07-05 18:52:14.665225+07:00,5.143,1.0685,5.495
2022-07-05 18:52:14.983966+07:00,5.143,1.0534,5.417
2022-07-05 18:52:15.293907+07:00,5.143,1.0534,5.417
2022-07-05 18:52:15.635176+07:00,5.142,1.0534,5.416
2022-07-05 18:52:15.956432+07:00,5.142,1.0534,5.416
2022-07-05 18:52:16.283937+07:00,5.142,1.0661,5.481
2022-07-05 18:52:16.611593+07:00,5.142,1.0661,5.481
2022-07-05 18:52:16.945292+07:00,5.146,1.0661,5.486
2022-07-05 18:52:17.245271+07:00,5.146,1.0661,5.486
2022-07-05 18:52:17.597767+07:00,5.146,1.0536,5.421
2022-07-05 18:52:17.914032+07:00,5.146,1.0536,5.421
2022-07-05 18:52:18.235289+07:00,5.14,1.0536,5.415
2022-07-05 18:52:18.544097+07:00,5.14,1.0536,5.415
2022-07-05 18:52:18.897868+07:00,5.14,1.0695,5.497
2022-07-05 18:52:19.225433+07:00,5.14,1.0695,5.497
2022-07-05 18:52:19.539075+07:00,5.144,1.0695,5.501
2022-07-05 18:52:19.870222+07:00,5.144,1.0695,5.501
2022-07-05 18:52:20.186511+07:00,5.144,1.0698,5.503
2022-07-05 18:52:20.495265+07:00,5.144,1.0698,5.503
2022-07-05 18:52:20.837793+07:00,5.156,1.0698,5.515
2022-07-05 18:52:21.145237+07:00,5.156,1.0698,5.515
2022-07-05 18:52:21.489088+07:00,5.156,1.0802,5.569
2022-07-05 18:52:21.797861+07:00,5.156,1.0802,5.569
2022-07-05 18:52:22.132818+07:00,5.138,1.0802,5.55
2022-07-05 18:52:22.452870+07:00,5.138,1.0802,5.55
2022-07-05 18:52:22.782836+07:00,5.138,1.032,5.302
2022-07-05 18:52:23.092787+07:00,5.138,1.032,5.302
2022-07-05 18:52:23.445358+07:00,5.14,1.032,5.304
2022-07-05 18:52:23.750406+07:00,5.14,1.032,5.304
2022-07-05 18:52:24.104079+07:00,5.14,1.0663,5.48
2022-07-05 18:52:24.391721+07:00,5.14,1.0663,5.48
2022-07-05 18:52:24.731680+07:00,5.145,1.0663,5.486
2022-07-05 18:52:25.061726+07:00,5.145,1.0663,5.486
2022-07-05 18:52:25.396722+07:00,5.145,1.0064,5.177
2022-07-05 18:52:25.696815+07:00,5.145,1.0064,5.177
2022-07-05 18:52:26.041754+07:00,5.187,1.0064,5.22
2022-07-05 18:52:26.371772+07:00,5.187,1.0064,5.22
2022-07-05 18:52:26.700564+07:00,5.187,1.0463,5.427
2022-07-05 18:52:27.008094+07:00,5.187,1.0463,5.427
2022-07-05 18:52:27.334380+07:00,5.146,1.0463,5.384
2022-07-05 18:52:27.660559+07:00,5.146,1.0463,5.384
2022-07-05 18:52:27.989369+07:00,5.146,1.0655,5.483
2022-07-05 18:52:28.299353+07:00,5.146,1.0655,5.483
2022-07-05 18:52:28.633156+07:00,5.145,1.0655,5.481
2022-07-05 18:52:28.954318+07:00,5.145,1.0655,5.481
2022-07-05 18:52:29.298126+07:00,5.145,1.0501,5.402
2022-07-05 18:52:29.596900+07:00,5.145,1.0501,5.402
2022-07-05 18:52:29.951831+07:00,5.143,1.0501,5.4
2022-07-05 18:52:30.251756+07:00,5.143,1.0501,5.4
2022-07-05 18:52:30.619319+07:00,5.143,1.0579,5.44
2022-07-05 18:52:30.896841+07:00,5.143,1.0579,5.44
2022-07-05 18:52:31.236887+07:00,5.202,1.0579,5.503
2022-07-05 18:52:31.559362+07:00,5.202,1.0579,5.503
2022-07-05 18:52:31.889383+07:00,5.202,1.0575,5.501
2022-07-05 18:52:32.193094+07:00,5.202,1.0575,5.501
2022-07-05 18:52:32.534423+07:00,5.141,1.0575,5.436
2022-07-05 18:52:32.853121+07:00,5.141,1.0575,5.436
2022-07-05 18:52:33.206872+07:00,5.141,1.0765,5.534
2022-07-05 18:52:33.490585+07:00,5.141,1.0765,5.534
2022-07-05 18:52:33.830644+07:00,5.14,1.0765,5.533
2022-07-05 18:52:34.150634+07:00,5.14,1.0765,5.533
2022-07-05 18:52:34.503183+07:00,5.14,1.0512,5.403
2022-07-05 18:52:34.790766+07:00,5.14,1.0512,5.403
2022-07-05 18:52:35.149497+07:00,5.145,1.0512,5.408
2022-07-05 18:52:35.450797+07:00,5.145,1.0512,5.408
2022-07-05 18:52:35.793280+07:00,5.145,1.0418,5.36
2022-07-05 18:52:36.105789+07:00,5.145,1.0418,5.36
2022-07-05 18:52:36.447116+07:00,5.164,1.0418,5.379
2022-07-05 18:52:36.754586+07:00,5.164,1.0418,5.379
2022-07-05 18:52:37.080136+07:00,5.164,1.0303,5.32
2022-07-05 18:52:37.389545+07:00,5.164,1.0303,5.32
2022-07-05 18:52:37.730862+07:00,5.144,1.0303,5.299
2022-07-05 18:52:38.057046+07:00,5.144,1.0303,5.299
2022-07-05 18:52:38.388398+07:00,5.144,1.0781,5.545
2022-07-05 18:52:38.708370+07:00,5.144,1.0781,5.545
2022-07-05 18:52:39.028394+07:00,5.142,1.0781,5.543
2022-07-05 18:52:39.349634+07:00,5.142,1.0781,5.543
2022-07-05 18:52:39.702126+07:00,5.142,1.0426,5.361
2022-07-05 18:52:39.988385+07:00,5.142,1.0426,5.361
2022-07-05 18:52:40.356010+07:00,5.142,1.0426,5.361
2022-07-05 18:52:40.638308+07:00,5.142,1.0426,5.361
2022-07-05 18:52:40.978303+07:00,5.142,1.0365,5.329
2022-07-05 18:52:41.305852+07:00,5.142,1.0365,5.329
2022-07-05 18:52:41.629620+07:00,5.153,1.0365,5.341
2022-07-05 18:52:41.964635+07:00,5.153,1.0365,5.341
2022-07-05 18:52:42.282690+07:00,5.153,1.0771,5.55
2022-07-05 18:52:42.603394+07:00,5.153,1.0771,5.55
2022-07-05 18:52:42.929670+07:00,5.142,1.0771,5.538
2022-07-05 18:52:43.253383+07:00,5.142,1.0771,5.538
2022-07-05 18:52:43.598412+07:00,5.142,1.0624,5.462
2022-07-05 18:52:43.900955+07:00,5.142,1.0624,5.462
2022-07-05 18:52:44.250937+07:00,5.139,1.0624,5.459
2022-07-05 18:52:44.553422+07:00,5.139,1.0624,5.459
2022-07-05 18:52:44.900913+07:00,5.139,1.0401,5.345
2022-07-05 18:52:45.193579+07:00,5.139,1.0401,5.345
2022-07-05 18:52:45.548601+07:00,5.15,1.0401,5.356
2022-07-05 18:52:45.861286+07:00,5.15,1.0401,5.356
2022-07-05 18:52:46.249919+07:00,5.15,1.064,5.479
2022-07-05 18:52:46.517302+07:00,5.15,1.064,5.479
2022-07-05 18:52:46.857352+07:00,5.141,1.064,5.47
2022-07-05 18:52:47.137449+07:00,5.141,1.064,5.47
2022-07-05 18:52:47.493630+07:00,5.141,1.0354,5.322
2022-07-05 18:52:47.816100+07:00,5.141,1.0354,5.322
2022-07-05 18:52:48.161212+07:00,5.139,1.0354,5.32
2022-07-05 18:52:48.456187+07:00,5.139,1.0354,5.32
2022-07-05 18:52:48.777498+07:00,5.139,1.0467,5.378
2022-07-05 18:52:49.094918+07:00,5.139,1.0467,5.378
2022-07-05 18:52:49.437398+07:00,5.139,1.0467,5.378
2022-07-05 18:52:49.761251+07:00,5.139,1.0467,5.378
2022-07-05 18:52:50.091210+07:00,5.139,1.0503,5.397
2022-07-05 18:52:50.407481+07:00,5.139,1.0503,5.397
2022-07-05 18:52:50.726448+07:00,5.137,1.0503,5.395
2022-07-05 18:52:51.054897+07:00,5.137,1.0503,5.395
2022-07-05 18:52:51.376172+07:00,5.137,0.7662,3.935
2022-07-05 18:52:51.704900+07:00,5.137,0.7662,3.935
2022-07-05 18:52:52.029936+07:00,5.138,0.7662,3.936
2022-07-05 18:52:52.352427+07:00,5.138,0.7662,3.936
2022-07-05 18:52:52.673646+07:00,5.138,1.0328,5.306
2022-07-05 18:52:52.983666+07:00,5.138,1.0328,5.306
2022-07-05 18:52:53.323710+07:00,5.139,1.0328,5.307
2022-07-05 18:52:53.633718+07:00,5.139,1.0328,5.307
2022-07-05 18:52:53.994964+07:00,5.139,1.0675,5.485
2022-07-05 18:52:54.283700+07:00,5.139,1.0675,5.485
2022-07-05 18:52:54.627542+07:00,5.143,1.0675,5.49
2022-07-05 18:52:54.937553+07:00,5.143,1.0675,5.49
2022-07-05 18:52:55.293729+07:00,5.143,1.0334,5.314
2022-07-05 18:52:55.590055+07:00,5.143,1.0334,5.314
2022-07-05 18:52:55.924475+07:00,5.142,1.0334,5.313
2022-07-05 18:52:56.248875+07:00,5.142,1.0334,5.313
2022-07-05 18:52:56.574031+07:00,5.142,0.6029,3.1
2022-07-05 18:52:56.905126+07:00,5.142,0.6029,3.1
2022-07-05 18:52:57.224023+07:00,5.141,0.6029,3.099
2022-07-05 18:52:57.533932+07:00,5.141,0.6029,3.099
2022-07-05 18:52:57.886513+07:00,5.141,1.072,5.511
2022-07-05 18:52:58.183980+07:00,5.141,1.072,5.511
2022-07-05 18:52:58.523995+07:00,5.139,1.072,5.509
2022-07-05 18:52:58.832740+07:00,5.139,1.072,5.509
2022-07-05 18:52:59.173934+07:00,5.139,1.0693,5.495
2022-07-05 18:52:59.482741+07:00,5.139,1.0693,5.495
2022-07-05 18:52:59.828310+07:00,5.144,1.0693,5.5
2022-07-05 18:53:00.152863+07:00,5.144,1.0693,5.5
2022-07-05 18:53:00.472768+07:00,5.144,1.0579,5.441
2022-07-05 18:53:00.782780+07:00,5.144,1.0579,5.441
2022-07-05 18:53:01.125358+07:00,5.141,1.0579,5.438
2022-07-05 18:53:01.432688+07:00,5.141,1.0579,5.438
2022-07-05 18:53:01.774035+07:00,5.141,1.0079,5.181
2022-07-05 18:53:02.103959+07:00,5.141,1.0079,5.181
2022-07-05 18:53:02.447677+07:00,5.149,1.0079,5.189
2022-07-05 18:53:02.731453+07:00,5.149,1.0079,5.189
2022-07-05 18:53:03.082769+07:00,5.149,1.0812,5.567
2022-07-05 18:53:03.381453+07:00,5.149,1.0812,5.567
2022-07-05 18:53:03.741523+07:00,5.143,1.0812,5.56
2022-07-05 18:53:04.032770+07:00,5.143,1.0812,5.56
2022-07-05 18:53:04.376532+07:00,5.143,1.0695,5.5
2022-07-05 18:53:04.700235+07:00,5.143,1.0695,5.5
2022-07-05 18:53:05.021505+07:00,5.142,1.0695,5.499
2022-07-05 18:53:05.344082+07:00,5.142,1.0695,5.499
2022-07-05 18:53:05.672846+07:00,5.142,0.9966,5.124
2022-07-05 18:53:05.997843+07:00,5.142,0.9966,5.124
2022-07-05 18:53:06.321691+07:00,5.141,0.9966,5.123
2022-07-05 18:53:06.631860+07:00,5.141,0.9966,5.123
2022-07-05 18:53:06.991712+07:00,5.141,1.0083,5.183
2022-07-05 18:53:07.287360+07:00,5.141,1.0083,5.183
2022-07-05 18:53:07.647966+07:00,5.144,1.0083,5.186
2022-07-05 18:53:07.930449+07:00,5.144,1.0083,5.186
2022-07-05 18:53:08.298043+07:00,5.144,1.0951,5.633
2022-07-05 18:53:08.581717+07:00,5.144,1.0951,5.633
2022-07-05 18:53:08.935506+07:00,5.139,1.0951,5.627
2022-07-05 18:53:09.231750+07:00,5.139,1.0951,5.627
2022-07-05 18:53:09.583639+07:00,5.139,1.072,5.509
2022-07-05 18:53:09.880518+07:00,5.139,1.072,5.509
2022-07-05 18:53:10.245531+07:00,5.142,1.072,5.512
2022-07-05 18:53:10.571204+07:00,5.142,1.072,5.512
2022-07-05 18:53:10.870526+07:00,5.142,1.0704,5.503
2022-07-05 18:53:11.210617+07:00,5.142,1.0704,5.503
2022-07-05 18:53:11.520628+07:00,5.165,1.0704,5.528
2022-07-05 18:53:11.849286+07:00,5.165,1.0704,5.528
2022-07-05 18:53:12.180533+07:00,5.165,1.0777,5.566
2022-07-05 18:53:12.479267+07:00,5.165,1.0777,5.566
2022-07-05 18:53:12.836192+07:00,5.144,1.0777,5.543
2022-07-05 18:53:13.141782+07:00,5.144,1.0777,5.543
2022-07-05 18:53:13.469302+07:00,5.144,1.0726,5.517
2022-07-05 18:53:13.798053+07:00,5.144,1.0726,5.517
2022-07-05 18:53:14.144315+07:00,5.138,1.0726,5.511
2022-07-05 18:53:14.430580+07:00,5.138,1.0726,5.511
2022-07-05 18:53:14.789330+07:00,5.138,1.0745,5.52
2022-07-05 18:53:15.079931+07:00,5.138,1.0745,5.52
2022-07-05 18:53:15.418718+07:00,5.149,1.0745,5.532
2022-07-05 18:53:15.736882+07:00,5.149,1.0745,5.532
2022-07-05 18:53:16.079411+07:00,5.149,1.0704,5.511
2022-07-05 18:53:16.378142+07:00,5.149,1.0704,5.511
2022-07-05 18:53:16.724443+07:00,5.191,1.0704,5.556
2022-07-05 18:53:17.028320+07:00,5.191,1.0704,5.556
2022-07-05 18:53:17.375848+07:00,5.191,1.0301,5.347
2022-07-05 18:53:17.717149+07:00,5.191,1.0301,5.347
2022-07-05 18:53:18.057069+07:00,5.138,1.0301,5.292
2022-07-05 18:53:18.342017+07:00,5.138,1.0301,5.292
2022-07-05 18:53:18.704543+07:00,5.138,1.0532,5.411
2022-07-05 18:53:18.977032+07:00,5.138,1.0532,5.411
2022-07-05 18:53:19.320919+07:00,5.139,1.0532,5.412
2022-07-05 18:53:19.638346+07:00,5.139,1.0532,5.412
2022-07-05 18:53:19.965862+07:00,5.139,1.0191,5.237
2022-07-05 18:53:20.283394+07:00,5.139,1.0191,5.237
2022-07-05 18:53:20.623405+07:00,5.141,1.0191,5.239
2022-07-05 18:53:20.925834+07:00,5.141,1.0191,5.239
2022-07-05 18:53:21.293390+07:00,5.141,1.0522,5.409
2022-07-05 18:53:21.575862+07:00,5.141,1.0522,5.409
2022-07-05 18:53:21.932155+07:00,5.147,1.0522,5.415
2022-07-05 18:53:22.226004+07:00,5.147,1.0522,5.415
2022-07-05 18:53:22.568394+07:00,5.147,1.0519,5.414
2022-07-05 18:53:22.874607+07:00,5.147,1.0519,5.414
2022-07-05 18:53:23.214599+07:00,5.138,1.0519,5.404
2022-07-05 18:53:23.528364+07:00,5.138,1.0519,5.404
2022-07-05 18:53:23.878377+07:00,5.138,1.0714,5.504
2022-07-05 18:53:24.195868+07:00,5.138,1.0714,5.504
2022-07-05 18:53:24.534599+07:00,5.14,1.0714,5.506
2022-07-05 18:53:24.823397+07:00,5.14,1.0714,5.506
2022-07-05 18:53:25.163370+07:00,5.14,1.0475,5.384
2022-07-05 18:53:25.473418+07:00,5.14,1.0475,5.384
2022-07-05 18:53:25.813424+07:00,5.143,1.0475,5.387
2022-07-05 18:53:26.128489+07:00,5.143,1.0475,5.387
2022-07-05 18:53:26.477186+07:00,5.143,1.0843,5.576
2022-07-05 18:53:26.773461+07:00,5.143,1.0843,5.576
2022-07-05 18:53:27.127189+07:00,5.138,1.0843,5.571
2022-07-05 18:53:27.443730+07:00,5.138,1.0843,5.571
2022-07-05 18:53:27.783595+07:00,5.138,0.9935,5.104
2022-07-05 18:53:28.072288+07:00,5.138,0.9935,5.104
2022-07-05 18:53:28.414794+07:00,5.137,0.9935,5.103
2022-07-05 18:53:28.728627+07:00,5.137,0.9935,5.103
2022-07-05 18:53:29.082356+07:00,5.137,1.0646,5.468
2022-07-05 18:53:29.388652+07:00,5.137,1.0646,5.468
2022-07-05 18:53:29.761113+07:00,5.144,1.0646,5.476
2022-07-05 18:53:30.021199+07:00,5.144,1.0646,5.476
2022-07-05 18:53:30.363580+07:00,5.144,1.0475,5.388
2022-07-05 18:53:30.671327+07:00,5.144,1.0475,5.388
2022-07-05 18:53:31.011139+07:00,5.14,1.0475,5.384
2022-07-05 18:53:31.326802+07:00,5.14,1.0475,5.384
2022-07-05 18:53:31.679895+07:00,5.14,0.9294,4.777
2022-07-05 18:53:31.979957+07:00,5.14,0.9294,4.777
2022-07-05 18:53:32.322500+07:00,5.139,0.9294,4.776
2022-07-05 18:53:32.620004+07:00,5.139,0.9294,4.776
2022-07-05 18:53:32.964313+07:00,5.139,1.0595,5.444
2022-07-05 18:53:33.286169+07:00,5.139,1.0595,5.444
2022-07-05 18:53:33.611123+07:00,5.139,1.0595,5.444
2022-07-05 18:53:33.919884+07:00,5.139,1.0595,5.444
2022-07-05 18:53:34.279908+07:00,5.139,1.0742,5.52
2022-07-05 18:53:34.587418+07:00,5.139,1.0742,5.52
2022-07-05 18:53:34.909908+07:00,5.141,1.0742,5.522
2022-07-05 18:53:35.228699+07:00,5.141,1.0742,5.522
2022-07-05 18:53:35.591208+07:00,5.141,1.0315,5.302
2022-07-05 18:53:35.889949+07:00,5.141,1.0315,5.302
2022-07-05 18:53:36.231254+07:00,5.141,1.0315,5.302
2022-07-05 18:53:36.526863+07:00,5.141,1.0315,5.302
2022-07-05 18:53:36.878775+07:00,5.141,0.7051,3.624
2022-07-05 18:53:37.208790+07:00,5.141,0.7051,3.624
2022-07-05 18:53:37.528752+07:00,5.143,0.7051,3.626
2022-07-05 18:53:37.818756+07:00,5.143,0.7051,3.626
2022-07-05 18:53:38.158871+07:00,5.143,1.0804,5.556
2022-07-05 18:53:38.498899+07:00,5.143,1.0804,5.556
2022-07-05 18:53:38.808919+07:00,5.141,1.0804,5.554
2022-07-05 18:53:39.136413+07:00,5.141,1.0804,5.554
2022-07-05 18:53:39.458987+07:00,5.141,1.0595,5.446
2022-07-05 18:53:39.767688+07:00,5.141,1.0595,5.446
2022-07-05 18:53:40.117777+07:00,5.142,1.0595,5.447
2022-07-05 18:53:40.432736+07:00,5.142,1.0595,5.447
2022-07-05 18:53:40.757786+07:00,5.142,1.0622,5.461
2022-07-05 18:53:41.086505+07:00,5.142,1.0622,5.461
2022-07-05 18:53:41.406458+07:00,5.138,1.0622,5.457
2022-07-05 18:53:41.717818+07:00,5.138,1.0622,5.457
2022-07-05 18:53:42.072706+07:00,5.138,0.9927,5.1
2022-07-05 18:53:42.368356+07:00,5.138,0.9927,5.1
2022-07-05 18:53:42.714103+07:00,5.151,0.9927,5.113
2022-07-05 18:53:43.040301+07:00,5.151,0.9927,5.113
2022-07-05 18:53:43.356519+07:00,5.151,1.0937,5.633
2022-07-05 18:53:43.666482+07:00,5.151,1.0937,5.633
2022-07-05 18:53:44.014034+07:00,5.138,1.0937,5.619
2022-07-05 18:53:44.340242+07:00,5.138,1.0937,5.619
2022-07-05 18:53:44.666536+07:00,5.138,1.0628,5.46
2022-07-05 18:53:44.974009+07:00,5.138,1.0628,5.46
2022-07-05 18:53:45.341526+07:00,5.143,1.0628,5.465
2022-07-05 18:53:45.629078+07:00,5.143,1.0628,5.465
2022-07-05 18:53:45.955298+07:00,5.143,1.0395,5.346
2022-07-05 18:53:46.281531+07:00,5.143,1.0395,5.346
2022-07-05 18:53:46.605269+07:00,5.138,1.0395,5.34
2022-07-05 18:53:46.932851+07:00,5.138,1.0395,5.34
2022-07-05 18:53:47.255333+07:00,5.138,1.0771,5.534
2022-07-05 18:53:47.565919+07:00,5.138,1.0771,5.534
2022-07-05 18:53:47.924146+07:00,5.142,1.0771,5.538
2022-07-05 18:53:48.219701+07:00,5.142,1.0771,5.538
2022-07-05 18:53:48.557922+07:00,5.142,1.0828,5.567
2022-07-05 18:53:48.865478+07:00,5.142,1.0828,5.567
2022-07-05 18:53:49.230446+07:00,5.138,1.0828,5.563
2022-07-05 18:53:49.538103+07:00,5.138,1.0828,5.563
2022-07-05 18:53:49.870477+07:00,5.138,1.0326,5.305
2022-07-05 18:53:50.178025+07:00,5.138,1.0326,5.305
2022-07-05 18:53:50.524301+07:00,5.144,1.0326,5.311
2022-07-05 18:53:50.819465+07:00,5.144,1.0326,5.311
2022-07-05 18:53:51.155557+07:00,5.144,1.0775,5.542
2022-07-05 18:53:51.466750+07:00,5.144,1.0775,5.542
2022-07-05 18:53:51.805532+07:00,5.166,1.0775,5.566
2022-07-05 18:53:52.138181+07:00,5.166,1.0775,5.566
2022-07-05 18:53:52.468075+07:00,5.166,1.0391,5.367
2022-07-05 18:53:52.779477+07:00,5.166,1.0391,5.367
2022-07-05 18:53:53.114349+07:00,5.139,1.0391,5.339
2022-07-05 18:53:53.415642+07:00,5.139,1.0391,5.339
2022-07-05 18:53:53.754342+07:00,5.139,1.0955,5.629
2022-07-05 18:53:54.080615+07:00,5.139,1.0955,5.629
2022-07-05 18:53:54.406202+07:00,5.138,1.0955,5.628
2022-07-05 18:53:54.716796+07:00,5.138,1.0955,5.628
2022-07-05 18:53:55.079307+07:00,5.138,1.0534,5.412
2022-07-05 18:53:55.381861+07:00,5.138,1.0534,5.412
2022-07-05 18:53:55.731847+07:00,5.144,1.0534,5.418
2022-07-05 18:53:56.034360+07:00,5.144,1.0534,5.418
2022-07-05 18:53:56.383127+07:00,5.144,1.0226,5.26
2022-07-05 18:53:56.670686+07:00,5.144,1.0226,5.26
2022-07-05 18:53:57.003111+07:00,5.199,1.0226,5.316
2022-07-05 18:53:57.314396+07:00,5.199,1.0226,5.316
2022-07-05 18:53:57.653155+07:00,5.199,1.0156,5.28
2022-07-05 18:53:57.969998+07:00,5.199,1.0156,5.28
2022-07-05 18:53:58.324449+07:00,5.139,1.0156,5.219
2022-07-05 18:53:58.613159+07:00,5.139,1.0156,5.219
2022-07-05 18:53:58.954536+07:00,5.139,1.0673,5.484
2022-07-05 18:53:59.275867+07:00,5.139,1.0673,5.484
2022-07-05 18:53:59.617073+07:00,5.141,1.0673,5.486
2022-07-05 18:53:59.919593+07:00,5.141,1.0673,5.486
2022-07-05 18:54:00.253363+07:00,5.141,1.0487,5.391
2022-07-05 18:54:00.563378+07:00,5.141,1.0487,5.391
2022-07-05 18:54:00.907123+07:00,5.141,1.0487,5.391
2022-07-05 18:54:01.220894+07:00,5.141,1.0487,5.391
2022-07-05 18:54:01.572115+07:00,5.141,1.0753,5.528
2022-07-05 18:54:01.873401+07:00,5.141,1.0753,5.528
2022-07-05 18:54:02.207202+07:00,5.161,1.0753,5.549
2022-07-05 18:54:02.513427+07:00,5.161,1.0753,5.549
2022-07-05 18:54:02.859729+07:00,5.161,1.0097,5.211
2022-07-05 18:54:03.178422+07:00,5.161,1.0097,5.211
2022-07-05 18:54:03.517150+07:00,5.142,1.0097,5.191
2022-07-05 18:54:03.832374+07:00,5.142,1.0097,5.191
2022-07-05 18:54:04.152210+07:00,5.142,1.0828,5.567
2022-07-05 18:54:04.472221+07:00,5.142,1.0828,5.567
2022-07-05 18:54:04.808463+07:00,5.146,1.0828,5.572
2022-07-05 18:54:05.114629+07:00,5.146,1.0828,5.572
2022-07-05 18:54:05.462201+07:00,5.146,1.0144,5.22
2022-07-05 18:54:05.795881+07:00,5.146,1.0144,5.22
2022-07-05 18:54:06.102129+07:00,5.142,1.0144,5.216
2022-07-05 18:54:06.428458+07:00,5.142,1.0144,5.216
2022-07-05 18:54:06.772221+07:00,5.142,1.0571,5.435
2022-07-05 18:54:07.073495+07:00,5.142,1.0571,5.435
2022-07-05 18:54:07.417234+07:00,5.162,1.0571,5.456
2022-07-05 18:54:07.710953+07:00,5.162,1.0571,5.456
2022-07-05 18:54:08.058492+07:00,5.162,1.0816,5.583
2022-07-05 18:54:08.380962+07:00,5.162,1.0816,5.583
2022-07-05 18:54:08.711039+07:00,5.14,1.0816,5.559
2022-07-05 18:54:09.049778+07:00,5.14,1.0816,5.559
2022-07-05 18:54:09.352288+07:00,5.14,1.0863,5.583
2022-07-05 18:54:09.671309+07:00,5.14,1.0863,5.583
2022-07-05 18:54:10.019956+07:00,5.138,1.0863,5.581
2022-07-05 18:54:10.316210+07:00,5.138,1.0863,5.581
2022-07-05 18:54:10.669880+07:00,5.138,1.0622,5.457
2022-07-05 18:54:10.961130+07:00,5.138,1.0622,5.457
2022-07-05 18:54:11.311265+07:00,5.137,1.0622,5.456
2022-07-05 18:54:11.611270+07:00,5.137,1.0622,5.456
2022-07-05 18:54:11.963693+07:00,5.137,0.8444,4.337
2022-07-05 18:54:12.259956+07:00,5.137,0.8444,4.337
2022-07-05 18:54:12.618770+07:00,5.14,0.8444,4.34
2022-07-05 18:54:12.928718+07:00,5.14,0.8444,4.34
2022-07-05 18:54:13.248708+07:00,5.14,1.0918,5.611
2022-07-05 18:54:13.560059+07:00,5.14,1.0918,5.611
2022-07-05 18:54:13.912562+07:00,5.136,1.0918,5.607
2022-07-05 18:54:14.208854+07:00,5.136,1.0918,5.607
2022-07-05 18:54:14.551341+07:00,5.136,1.0812,5.553
2022-07-05 18:54:14.876303+07:00,5.136,1.0812,5.553
2022-07-05 18:54:15.198744+07:00,5.144,1.0812,5.561
2022-07-05 18:54:15.609335+07:00,5.144,1.0812,5.561
2022-07-05 18:54:15.864349+07:00,5.144,1.0381,5.339
2022-07-05 18:54:16.157503+07:00,5.144,1.0381,5.339
2022-07-05 18:54:16.497495+07:00,5.139,1.0381,5.334
2022-07-05 18:54:16.808780+07:00,5.139,1.0381,5.334
2022-07-05 18:54:17.168784+07:00,5.139,0.8695,4.468
2022-07-05 18:54:17.457501+07:00,5.139,0.8695,4.468
2022-07-05 18:54:17.820058+07:00,5.143,0.8695,4.471
2022-07-05 18:54:18.110124+07:00,5.143,0.8695,4.471
2022-07-05 18:54:18.456385+07:00,5.143,1.0988,5.651
2022-07-05 18:54:18.777559+07:00,5.143,1.0988,5.651
2022-07-05 18:54:19.117565+07:00,5.136,1.0988,5.643
2022-07-05 18:54:19.407610+07:00,5.136,1.0988,5.643
2022-07-05 18:54:19.748893+07:00,5.136,1.0248,5.263
2022-07-05 18:54:20.061564+07:00,5.136,1.0248,5.263
2022-07-05 18:54:20.418989+07:00,5.141,1.0248,5.268
2022-07-05 18:54:20.716581+07:00,5.141,1.0248,5.268
2022-07-05 18:54:21.062756+07:00,5.141,1.063,5.464
2022-07-05 18:54:21.385334+07:00,5.141,1.063,5.464
2022-07-05 18:54:21.706613+07:00,5.138,1.063,5.461
2022-07-05 18:54:22.006580+07:00,5.138,1.063,5.461
2022-07-05 18:54:22.346530+07:00,5.138,0.9823,5.047
2022-07-05 18:54:22.656573+07:00,5.138,0.9823,5.047
2022-07-05 18:54:23.006579+07:00,5.139,0.9823,5.048
2022-07-05 18:54:23.325318+07:00,5.139,0.9823,5.048
2022-07-05 18:54:23.645357+07:00,5.139,1.0571,5.432
2022-07-05 18:54:23.956671+07:00,5.139,1.0571,5.432
2022-07-05 18:54:24.297892+07:00,5.139,1.0571,5.432
2022-07-05 18:54:24.611625+07:00,5.139,1.0571,5.432
2022-07-05 18:54:24.946670+07:00,5.139,1.0454,5.372
2022-07-05 18:54:25.265480+07:00,5.139,1.0454,5.372
2022-07-05 18:54:25.595442+07:00,5.142,1.0454,5.375
2022-07-05 18:54:25.925373+07:00,5.142,1.0454,5.375
2022-07-05 18:54:26.275519+07:00,5.142,1.0399,5.347
2022-07-05 18:54:26.555499+07:00,5.142,1.0399,5.347
2022-07-05 18:54:26.914099+07:00,5.142,1.0399,5.347
2022-07-05 18:54:27.221647+07:00,5.142,1.0399,5.347
2022-07-05 18:54:27.567947+07:00,5.142,0.9261,4.762
2022-07-05 18:54:27.862915+07:00,5.142,0.9261,4.762
2022-07-05 18:54:28.194139+07:00,5.136,0.9261,4.756
2022-07-05 18:54:28.525374+07:00,5.136,0.9261,4.756
2022-07-05 18:54:28.864165+07:00,5.136,1.0781,5.537
2022-07-05 18:54:29.157937+07:00,5.136,1.0781,5.537
2022-07-05 18:54:29.502936+07:00,5.139,1.0781,5.54
2022-07-05 18:54:29.824200+07:00,5.139,1.0781,5.54
2022-07-05 18:54:30.146688+07:00,5.139,1.0763,5.531
2022-07-05 18:54:30.454220+07:00,5.139,1.0763,5.531
2022-07-05 18:54:30.792993+07:00,5.141,1.0763,5.533
2022-07-05 18:54:31.118009+07:00,5.141,1.0763,5.533
2022-07-05 18:54:31.466711+07:00,5.141,1.0766,5.534
2022-07-05 18:54:31.764270+07:00,5.141,1.0766,5.534
2022-07-05 18:54:32.099392+07:00,5.188,1.0766,5.585
2022-07-05 18:54:32.428182+07:00,5.188,1.0766,5.585
2022-07-05 18:54:32.756923+07:00,5.188,1.0501,5.447
2022-07-05 18:54:33.059429+07:00,5.188,1.0501,5.447
2022-07-05 18:54:33.393107+07:00,5.137,1.0501,5.394
2022-07-05 18:54:33.703286+07:00,5.137,1.0501,5.394
2022-07-05 18:54:34.045743+07:00,5.137,1.0914,5.606
2022-07-05 18:54:34.354554+07:00,5.137,1.0914,5.606
2022-07-05 18:54:34.691898+07:00,5.142,1.0914,5.611
2022-07-05 18:54:35.007015+07:00,5.142,1.0914,5.611
2022-07-05 18:54:35.355705+07:00,5.142,1.0105,5.195
2022-07-05 18:54:35.658226+07:00,5.142,1.0105,5.195
2022-07-05 18:54:36.003206+07:00,5.142,1.0105,5.195
2022-07-05 18:54:36.309542+07:00,5.142,1.0105,5.195
2022-07-05 18:54:36.662030+07:00,5.142,1.0712,5.508
2022-07-05 18:54:36.952040+07:00,5.142,1.0712,5.508
2022-07-05 18:54:37.294594+07:00,5.194,1.0712,5.563
2022-07-05 18:54:37.635727+07:00,5.194,1.0712,5.563
2022-07-05 18:54:37.944503+07:00,5.194,1.0951,5.687
2022-07-05 18:54:38.261999+07:00,5.194,1.0951,5.687
2022-07-05 18:54:38.609444+07:00,5.138,1.0951,5.626
2022-07-05 18:54:38.904532+07:00,5.138,1.0951,5.626
2022-07-05 18:54:39.249553+07:00,5.138,1.0728,5.512
2022-07-05 18:54:39.551973+07:00,5.138,1.0728,5.512
2022-07-05 18:54:39.895782+07:00,5.141,1.0728,5.515
2022-07-05 18:54:40.202098+07:00,5.141,1.0728,5.515
2022-07-05 18:54:40.540793+07:00,5.141,1.0548,5.422
2022-07-05 18:54:40.852062+07:00,5.141,1.0548,5.422
2022-07-05 18:54:41.192120+07:00,5.141,1.0548,5.422
2022-07-05 18:54:41.503389+07:00,5.141,1.0548,5.422
2022-07-05 18:54:41.848395+07:00,5.141,1.0665,5.482
2022-07-05 18:54:42.170860+07:00,5.141,1.0665,5.482
2022-07-05 18:54:42.523515+07:00,5.141,1.0665,5.482
2022-07-05 18:54:42.820953+07:00,5.141,1.0665,5.482
2022-07-05 18:54:43.148496+07:00,5.141,1.0804,5.554
2022-07-05 18:54:43.453585+07:00,5.141,1.0804,5.554
2022-07-05 18:54:43.821013+07:00,5.14,1.0804,5.553
2022-07-05 18:54:44.102424+07:00,5.14,1.0804,5.553
2022-07-05 18:54:44.442232+07:00,5.14,1.0738,5.519
2022-07-05 18:54:44.766045+07:00,5.14,1.0738,5.519
2022-07-05 18:54:45.104803+07:00,5.142,1.0738,5.521
2022-07-05 18:54:45.418551+07:00,5.142,1.0738,5.521
2022-07-05 18:54:45.748596+07:00,5.142,1.0612,5.456
2022-07-05 18:54:46.051140+07:00,5.142,1.0612,5.456
2022-07-05 18:54:46.397375+07:00,5.144,1.0612,5.458
2022-07-05 18:54:46.703774+07:00,5.144,1.0612,5.458
2022-07-05 18:54:47.041195+07:00,5.144,1.0657,5.481
2022-07-05 18:54:47.368616+07:00,5.144,1.0657,5.481
2022-07-05 18:54:47.689880+07:00,5.161,1.0657,5.5
2022-07-05 18:54:48.009876+07:00,5.161,1.0657,5.5
2022-07-05 18:54:48.356054+07:00,5.161,1.1043,5.699
2022-07-05 18:54:48.657339+07:00,5.161,1.1043,5.699
2022-07-05 18:54:48.997333+07:00,5.136,1.1043,5.671
2022-07-05 18:54:49.309878+07:00,5.136,1.1043,5.671
2022-07-05 18:54:49.639855+07:00,5.136,1.0328,5.304
2022-07-05 18:54:49.964893+07:00,5.136,1.0328,5.304
2022-07-05 18:54:50.291087+07:00,5.141,1.0328,5.309
2022-07-05 18:54:50.599889+07:00,5.141,1.0328,5.309
2022-07-05 18:54:50.939860+07:00,5.141,1.0536,5.416
2022-07-05 18:54:51.256158+07:00,5.141,1.0536,5.416
2022-07-05 18:54:51.601145+07:00,5.139,1.0536,5.414
2022-07-05 18:54:51.904999+07:00,5.139,1.0536,5.414
2022-07-05 18:54:52.256216+07:00,5.139,0.8497,4.366
2022-07-05 18:54:52.554991+07:00,5.139,0.8497,4.366
2022-07-05 18:54:52.909396+07:00,5.142,0.8497,4.369
2022-07-05 18:54:53.222600+07:00,5.142,0.8497,4.369
2022-07-05 18:54:53.556361+07:00,5.142,1.0796,5.551
2022-07-05 18:54:53.858917+07:00,5.142,1.0796,5.551
2022-07-05 18:54:54.211330+07:00,5.137,1.0796,5.545
2022-07-05 18:54:54.513829+07:00,5.137,1.0796,5.545
2022-07-05 18:54:54.846442+07:00,5.137,1.0258,5.269
2022-07-05 18:54:55.151408+07:00,5.137,1.0258,5.269
2022-07-05 18:54:55.503926+07:00,5.15,1.0258,5.282
2022-07-05 18:54:55.801450+07:00,5.15,1.0258,5.282
2022-07-05 18:54:56.158896+07:00,5.15,1.0336,5.323
2022-07-05 18:54:56.458906+07:00,5.15,1.0336,5.323
2022-07-05 18:54:56.791484+07:00,5.143,1.0336,5.315
2022-07-05 18:54:57.115145+07:00,5.143,1.0336,5.315
2022-07-05 18:54:57.455157+07:00,5.143,0.853,4.386
2022-07-05 18:54:57.757779+07:00,5.143,0.853,4.386
2022-07-05 18:54:58.097788+07:00,5.137,0.853,4.381
2022-07-05 18:54:58.415396+07:00,5.137,0.853,4.381
2022-07-05 18:54:58.752686+07:00,5.137,1.0695,5.494
2022-07-05 18:54:59.048917+07:00,5.137,1.0695,5.494
2022-07-05 18:54:59.388883+07:00,5.136,1.0695,5.492
2022-07-05 18:54:59.698949+07:00,5.136,1.0695,5.492
2022-07-05 18:55:00.040159+07:00,5.136,1.0841,5.567
2022-07-05 18:55:00.357765+07:00,5.136,1.0841,5.567
2022-07-05 18:55:00.688965+07:00,5.142,1.0841,5.574
2022-07-05 18:55:01.018993+07:00,5.142,1.0841,5.574
2022-07-05 18:55:01.346545+07:00,5.142,1.0579,5.439
2022-07-05 18:55:01.666526+07:00,5.142,1.0579,5.439
2022-07-05 18:55:01.994057+07:00,5.137,1.0579,5.434
2022-07-05 18:55:02.300272+07:00,5.137,1.0579,5.434
2022-07-05 18:55:02.647785+07:00,5.137,1.0612,5.451
2022-07-05 18:55:02.967789+07:00,5.137,1.0612,5.451
2022-07-05 18:55:03.291654+07:00,5.136,1.0612,5.45
2022-07-05 18:55:03.612903+07:00,5.136,1.0612,5.45
2022-07-05 18:55:03.954269+07:00,5.136,1.0918,5.607
2022-07-05 18:55:04.251707+07:00,5.136,1.0918,5.607
2022-07-05 18:55:04.601701+07:00,5.139,1.0918,5.61
2022-07-05 18:55:04.908012+07:00,5.139,1.0918,5.61
2022-07-05 18:55:05.259211+07:00,5.139,1.0401,5.345
2022-07-05 18:55:05.569174+07:00,5.139,1.0401,5.345
2022-07-05 18:55:05.894272+07:00,5.144,1.0401,5.35
2022-07-05 18:55:06.216750+07:00,5.144,1.0401,5.35
2022-07-05 18:55:06.539266+07:00,5.144,1.0459,5.38
2022-07-05 18:55:06.874237+07:00,5.144,1.0459,5.38
2022-07-05 18:55:07.189239+07:00,5.138,1.0459,5.373
2022-07-05 18:55:07.502378+07:00,5.138,1.0459,5.373
2022-07-05 18:55:07.840605+07:00,5.138,1.0744,5.52
2022-07-05 18:55:08.150552+07:00,5.138,1.0744,5.52
2022-07-05 18:55:08.496857+07:00,5.135,1.0744,5.517
2022-07-05 18:55:08.814360+07:00,5.135,1.0744,5.517
2022-07-05 18:55:09.159247+07:00,5.135,1.0908,5.601
2022-07-05 18:55:09.466776+07:00,5.135,1.0908,5.601
2022-07-05 18:55:09.789262+07:00,5.147,1.0908,5.614
2022-07-05 18:55:10.108077+07:00,5.147,1.0908,5.614
2022-07-05 18:55:10.439267+07:00,5.147,1.0679,5.496
2022-07-05 18:55:10.763040+07:00,5.147,1.0679,5.496
2022-07-05 18:55:11.106818+07:00,5.14,1.0679,5.489
2022-07-05 18:55:11.401883+07:00,5.14,1.0679,5.489
2022-07-05 18:55:11.739348+07:00,5.14,1.0444,5.368
2022-07-05 18:55:12.063076+07:00,5.14,1.0444,5.368
2022-07-05 18:55:12.405630+07:00,5.184,1.0444,5.414
2022-07-05 18:55:12.700667+07:00,5.184,1.0444,5.414
2022-07-05 18:55:13.054395+07:00,5.184,1.0918,5.659
2022-07-05 18:55:13.349393+07:00,5.184,1.0918,5.659
2022-07-05 18:55:13.691918+07:00,5.138,1.0918,5.609
2022-07-05 18:55:13.999559+07:00,5.138,1.0918,5.609
2022-07-05 18:55:14.339532+07:00,5.138,1.0875,5.587
2022-07-05 18:55:14.650854+07:00,5.138,1.0875,5.587
2022-07-05 18:55:14.998325+07:00,5.141,1.0875,5.59
2022-07-05 18:55:15.300831+07:00,5.141,1.0875,5.59
2022-07-05 18:55:15.638270+07:00,5.141,1.0508,5.402
2022-07-05 18:55:15.948310+07:00,5.141,1.0508,5.402
2022-07-05 18:55:16.289569+07:00,5.143,1.0508,5.404
2022-07-05 18:55:16.617095+07:00,5.143,1.0508,5.404
2022-07-05 18:55:16.953368+07:00,5.143,1.0283,5.288
2022-07-05 18:55:17.249625+07:00,5.143,1.0283,5.288
2022-07-05 18:55:17.588331+07:00,5.185,1.0283,5.331
2022-07-05 18:55:17.898402+07:00,5.185,1.0283,5.331
2022-07-05 18:55:18.238405+07:00,5.185,1.0724,5.56
2022-07-05 18:55:18.548408+07:00,5.185,1.0724,5.56
2022-07-05 18:55:18.909709+07:00,5.135,1.0724,5.506
2022-07-05 18:55:19.198477+07:00,5.135,1.0724,5.506
2022-07-05 18:55:19.549667+07:00,5.135,1.0794,5.542
2022-07-05 18:55:19.868403+07:00,5.135,1.0794,5.542
2022-07-05 18:55:20.188349+07:00,5.139,1.0794,5.547
2022-07-05 18:55:20.500942+07:00,5.139,1.0794,5.547
2022-07-05 18:55:20.850914+07:00,5.139,1.052,5.406
2022-07-05 18:55:21.168366+07:00,5.139,1.052,5.406
2022-07-05 18:55:21.503429+07:00,5.139,1.052,5.406
2022-07-05 18:55:21.809680+07:00,5.139,1.052,5.406
2022-07-05 18:55:22.157170+07:00,5.139,0.9449,4.855
2022-07-05 18:55:22.448422+07:00,5.139,0.9449,4.855
2022-07-05 18:55:22.788483+07:00,5.144,0.9449,4.86
2022-07-05 18:55:23.128440+07:00,5.144,0.9449,4.86
2022-07-05 18:55:23.453506+07:00,5.144,1.1059,5.688
2022-07-05 18:55:23.754802+07:00,5.144,1.1059,5.688
2022-07-05 18:55:24.099784+07:00,5.136,1.1059,5.679
2022-07-05 18:55:24.422325+07:00,5.136,1.1059,5.679
2022-07-05 18:55:24.738753+07:00,5.136,1.042,5.351
2022-07-05 18:55:25.057385+07:00,5.136,1.042,5.351
2022-07-05 18:55:25.388653+07:00,5.148,1.042,5.364
2022-07-05 18:55:25.699259+07:00,5.148,1.042,5.364
2022-07-05 18:55:26.056147+07:00,5.148,1.0393,5.35
2022-07-05 18:55:26.347419+07:00,5.148,1.0393,5.35
2022-07-05 18:55:26.708732+07:00,5.141,1.0393,5.343
2022-07-05 18:55:27.001257+07:00,5.141,1.0393,5.343
2022-07-05 18:55:27.350049+07:00,5.141,0.8303,4.268
2022-07-05 18:55:27.647478+07:00,5.141,0.8303,4.268
2022-07-05 18:55:27.998758+07:00,5.139,0.8303,4.266
2022-07-05 18:55:28.298785+07:00,5.139,0.8303,4.266
2022-07-05 18:55:28.637486+07:00,5.139,1.0787,5.543
2022-07-05 18:55:28.958906+07:00,5.139,1.0787,5.543
2022-07-05 18:55:29.287544+07:00,5.138,1.0787,5.542
2022-07-05 18:55:29.615042+07:00,5.138,1.0787,5.542
2022-07-05 18:55:29.952474+07:00,5.138,1.0373,5.329
2022-07-05 18:55:30.273131+07:00,5.138,1.0373,5.329
2022-07-05 18:55:30.586241+07:00,5.142,1.0373,5.333
2022-07-05 18:55:30.896219+07:00,5.142,1.0373,5.333
2022-07-05 18:55:31.256233+07:00,5.142,1.0397,5.346
